CHROM	POS	REF	ALT	Desc	type	detail	cosmic	1000g2014
chr17	410544	T	G	.	nonsynonymous_SNV	C17orf97:NM_001013672:exon1:c.T202G:p.S68A	.	.
chr17	737950	G	A	.	nonsynonymous_SNV	FAM57A:NM_001318006:exon3:c.G311A:p.R104H,FAM57A:NM_024792:exon3:c.G311A:p.R104H	.	.
chr17	2297251	G	A	.	nonsynonymous_SNV	SMG6:NM_017575:exon4:c.C2143T:p.R715C	.	.
chr17	3062738	C	G	.	nonsynonymous_SNV	OR1D5:NM_014566:exon1:c.G870C:p.R290S	.	.
chr17	3440241	G	A	.	nonsynonymous_SNV	SPATA22:NM_001170696:exon8:c.C869T:p.P290L,SPATA22:NM_001170695:exon9:c.C998T:p.P333L,SPATA22:NM_001170697:exon9:c.C998T:p.P333L,SPATA22:NM_001170698:exon9:c.C998T:p.P333L,SPATA22:NM_001321336:exon9:c.C950T:p.P317L,SPATA22:NM_001321337:exon9:c.C998T:p.P333L,SPATA22:NM_032598:exon9:c.C998T:p.P333L	.	.
chr17	4487812	C	T	.	nonsynonymous_SNV	SPNS3:NM_001320449:exon11:c.C1076T:p.P359L,SPNS3:NM_182538:exon12:c.C1457T:p.P486L	.	.
chr17	7075360	T	C	.	nonsynonymous_SNV	CLEC10A:NM_001330070:exon8:c.A701G:p.Q234R,CLEC10A:NM_006344:exon8:c.A710G:p.Q237R,CLEC10A:NM_182906:exon8:c.A782G:p.Q261R	.	.
chr17	7786218	A	C	.	nonsynonymous_SNV	DNAH2:NM_020877:exon40:c.A6224C:p.N2075T	.	.
chr17	7786220	T	C	.	nonsynonymous_SNV	DNAH2:NM_020877:exon40:c.T6226C:p.S2076P	.	.
chr17	7935134	A	C	.	nonsynonymous_SNV	CNTROB:NM_001037144:exon4:c.A583C:p.T195P,CNTROB:NM_001330124:exon4:c.A583C:p.T195P,CNTROB:NM_053051:exon4:c.A583C:p.T195P	.	.
chr17	12958836	G	C	.	nonsynonymous_SNV	ARHGAP44:NM_001321168:exon15:c.G862C:p.A288P,ARHGAP44:NM_001321164:exon16:c.G1462C:p.A488P,ARHGAP44:NM_001321166:exon16:c.G1462C:p.A488P,ARHGAP44:NM_001321167:exon16:c.G1462C:p.A488P,ARHGAP44:NM_014859:exon16:c.G1462C:p.A488P	.	.
chr17	15314142	G	A	.	nonsynonymous_SNV	TEKT3:NM_031898:exon6:c.C823T:p.R275C	ID\x3dCOSM148196\x3bOCCURENCE\x3d1(stomach)	.
chr17	19380747	C	T	.	nonsynonymous_SNV	MAPK7:NM_139032:exon2:c.C121T:p.H41Y,MAPK7:NM_002749:exon4:c.C538T:p.H180Y,MAPK7:NM_139033:exon4:c.C538T:p.H180Y,MAPK7:NM_139034:exon4:c.C538T:p.H180Y	.	.
chr17	21300581	T	C	.	nonsynonymous_SNV	MAP2K3:NM_002756:exon4:c.T115C:p.S39P,MAP2K3:NM_145109:exon4:c.T202C:p.S68P,MAP2K3:NM_001316332:exon5:c.T115C:p.S39P	.	.
chr17	21300875	G	T	.	nonsynonymous_SNV	MAP2K3:NM_002756:exon5:c.G194T:p.R65L,MAP2K3:NM_145109:exon5:c.G281T:p.R94L,MAP2K3:NM_001316332:exon6:c.G194T:p.R65L	.	.
chr17	21300880	C	T	.	nonsynonymous_SNV	MAP2K3:NM_002756:exon5:c.C199T:p.R67W,MAP2K3:NM_145109:exon5:c.C286T:p.R96W,MAP2K3:NM_001316332:exon6:c.C199T:p.R67W	.	.
chr17	21300898	C	T	.	stopgain	MAP2K3:NM_002756:exon5:c.C217T:p.Q73X,MAP2K3:NM_145109:exon5:c.C304T:p.Q102X,MAP2K3:NM_001316332:exon6:c.C217T:p.Q73X	.	.
chr17	21415470	G	A	.	nonsynonymous_SNV	KCNJ12:NM_021012:exon3:c.G128A:p.R43H	.	.
chr17	21415555	G	A	.	nonsynonymous_SNV	KCNJ12:NM_021012:exon3:c.G213A:p.M71I	.	.
chr17	21415757	G	A	.	nonsynonymous_SNV	KCNJ12:NM_021012:exon3:c.G415A:p.E139K	.	.
chr17	21415767	C	A	.	nonsynonymous_SNV	KCNJ12:NM_021012:exon3:c.C425A:p.T142N	.	.
chr17	21415859	G	A	.	nonsynonymous_SNV	KCNJ12:NM_021012:exon3:c.G517A:p.D173N	.	.
chr17	21415896	C	T	.	nonsynonymous_SNV	KCNJ12:NM_021012:exon3:c.C554T:p.A185V	.	.
chr17	21415973	C	T	.	nonsynonymous_SNV	KCNJ12:NM_021012:exon3:c.C631T:p.L211F	.	.
chr17	21416057	G	A	.	nonsynonymous_SNV	KCNJ12:NM_021012:exon3:c.G715A:p.E239K	.	.
chr17	21416124	G	A	.	nonsynonymous_SNV	KCNJ12:NM_021012:exon3:c.G782A:p.R261H	.	.
chr17	21416127	T	G	.	nonsynonymous_SNV	KCNJ12:NM_021012:exon3:c.T785G:p.I262S	.	.
chr17	21416370	C	T	.	nonsynonymous_SNV	KCNJ12:NM_021012:exon3:c.C1028T:p.S343L	ID\x3dCOSM77932\x3bOCCURENCE\x3d2(ovary),1(large_intestine)	.
chr17	21416455	C	G	.	nonsynonymous_SNV	KCNJ12:NM_021012:exon3:c.C1113G:p.S371R	.	.
chr17	21416474	G	A	.	nonsynonymous_SNV	KCNJ12:NM_021012:exon3:c.G1132A:p.E378K	.	.
chr17	21416548	C	A	.	nonsynonymous_SNV	KCNJ12:NM_021012:exon3:c.C1206A:p.D402E	.	.
chr17	21416556	G	T	.	nonsynonymous_SNV	KCNJ12:NM_021012:exon3:c.G1214T:p.S405I	.	.
chr17	21702902	G	A	.	nonsynonymous_SNV	KCNJ18:NM_001194958:exon3:c.G116A:p.R39Q	.	.
chr17	21702905	G	A	.	nonsynonymous_SNV	KCNJ18:NM_001194958:exon3:c.G119A:p.R40H	.	.
chr17	21702953	C	A	.	nonsynonymous_SNV	KCNJ18:NM_001194958:exon3:c.C167A:p.A56E	.	.
chr17	21703139	A	G	.	nonsynonymous_SNV	KCNJ18:NM_001194958:exon3:c.A353G:p.H118R	.	.
chr17	21703211	C	A	.	nonsynonymous_SNV	KCNJ18:NM_001194958:exon3:c.C425A:p.T142N	.	.
chr17	21703224	C	A	.	stopgain	KCNJ18:NM_001194958:exon3:c.C438A:p.Y146X	.	.
chr17	21703303	G	A	.	nonsynonymous_SNV	KCNJ18:NM_001194958:exon3:c.G517A:p.D173N	.	.
chr17	21703340	C	T	.	nonsynonymous_SNV	KCNJ18:NM_001194958:exon3:c.C554T:p.A185V	.	.
chr17	21703362	G	C	.	nonsynonymous_SNV	KCNJ18:NM_001194958:exon3:c.G576C:p.Q192H	.	.
chr17	21703417	C	T	.	nonsynonymous_SNV	KCNJ18:NM_001194958:exon3:c.C631T:p.L211F	.	.
chr17	21703501	G	A	.	nonsynonymous_SNV	KCNJ18:NM_001194958:exon3:c.G715A:p.E239K	.	.
chr17	21703531	A	G	.	nonsynonymous_SNV	KCNJ18:NM_001194958:exon3:c.A745G:p.I249V	.	.
chr17	21703675	G	A	.	nonsynonymous_SNV	KCNJ18:NM_001194958:exon3:c.G889A:p.V297I	.	.
chr17	21703692	G	T	.	nonsynonymous_SNV	KCNJ18:NM_001194958:exon3:c.G906T:p.M302I	.	.
chr17	29613520	C	G	.	nonsynonymous_SNV	ANKRD13B:NM_152345:exon15:c.C1819G:p.R607G	.	.
chr17	30900462	C	T	.	nonsynonymous_SNV	TEFM:NM_024683:exon3:c.G596A:p.R199H	.	.
chr17	33291732	T	G	.	nonsynonymous_SNV	ASIC2:NM_183377:exon1:c.A384C:p.L128F	.	.
chr17	33291847	A	C	.	nonsynonymous_SNV	ASIC2:NM_183377:exon1:c.T269G:p.V90G	.	.
chr17	35441918	C	T	.	nonsynonymous_SNV	SLFN13:NM_144682:exon5:c.G1567A:p.A523T	.	.
chr17	35750121	G	A	.	nonsynonymous_SNV	GAS2L2:NM_139285:exon2:c.C583T:p.P195S	.	.
chr17	35750138	T	G	.	nonsynonymous_SNV	GAS2L2:NM_139285:exon2:c.A566C:p.D189A	.	.
chr17	36001422	G	A	.	nonsynonymous_SNV	CCL15:NM_032965:exon1:c.C71T:p.T24I	.	.
chr17	36013244	T	C	.	nonsynonymous_SNV	CCL23:NM_005064:exon4:c.A367G:p.M123V,CCL23:NM_145898:exon4:c.A316G:p.M106V	.	.
chr17	36167617	C	A	.	nonsynonymous_SNV	TBC1D3B:NM_001001417:exon13:c.G1008T:p.E336D,TBC1D3H:NM_001123392:exon13:c.G1008T:p.E336D,TBC1D3L:NM_001291459:exon13:c.G1008T:p.E336D,TBC1D3G:NM_001291462:exon13:c.G1008T:p.E336D,TBC1D3I:NM_001291463:exon13:c.G1008T:p.E336D,TBC1D3D:NM_001291465:exon13:c.G1008T:p.E336D	.	.
chr17	36212342	C	G	.	nonsynonymous_SNV	CCL4L2:NM_001291471:exon3:c.C221G:p.P74R,CCL4L2:NM_001291472:exon3:c.C200G:p.P67R	.	.
chr17	36212343	G	A	.	nonsynonymous_SNV	CCL4L2:NM_001291474:exon2:c.G127A:p.G43R,CCL4L2:NM_001291475:exon3:c.G232A:p.G78R	.	.
chr17	36435803	G	T	.	nonsynonymous_SNV	TBC1D3K:NM_001291464:exon5:c.C252A:p.D84E,TBC1D3F:NM_032258:exon5:c.C252A:p.D84E	.	.
chr17	36452712	C	G	.	unknown	UNKNOWN	.	.
chr17	37226447	C	A	.	nonsynonymous_SNV	ACACA:NM_198837:exon24:c.G2967T:p.Q989H,ACACA:NM_198838:exon25:c.G2907T:p.Q969H,ACACA:NM_198834:exon26:c.G3252T:p.Q1084H,ACACA:NM_198836:exon26:c.G3141T:p.Q1047H,ACACA:NM_198839:exon30:c.G3141T:p.Q1047H	.	.
chr17	37411381	T	C	.	nonsynonymous_SNV	TADA2A:NM_001166105:exon2:c.T16C:p.S6P,TADA2A:NM_001291918:exon2:c.T16C:p.S6P,TADA2A:NM_001488:exon2:c.T16C:p.S6P,TADA2A:NM_133439:exon2:c.T16C:p.S6P	.	.
chr17	37624364	C	T	.	nonsynonymous_SNV	DDX52:NM_007010:exon9:c.G1207A:p.V403M,DDX52:NM_001291476:exon10:c.G883A:p.V295M	.	.
chr17	38297242	C	T	.	nonsynonymous_SNV	MRPL45:NM_001278279:exon1:c.C59T:p.S20F,MRPL45:NM_032351:exon1:c.C59T:p.S20F	.	.
chr17	38335200	T	C	.	nonsynonymous_SNV	GPR179:NM_001004334:exon7:c.A1478G:p.H493R	.	.
chr17	39471588	C	T	.	nonsynonymous_SNV	CDK12:NM_015083:exon2:c.C1756T:p.P586S,CDK12:NM_016507:exon2:c.C1756T:p.P586S	.	.
chr17	41226760	C	T	.	nonsynonymous_SNV	KRTAP9-2:NM_031961:exon1:c.C106T:p.P36S	.	.
chr17	41865010	A	C	.	nonsynonymous_SNV	KLHL11:NM_018143:exon1:c.T361G:p.Y121D	.	.
chr17	41865016	T	G	.	nonsynonymous_SNV	KLHL11:NM_018143:exon1:c.A355C:p.T119P	.	.
chr17	42111883	G	A	.	nonsynonymous_SNV	DHX58:NM_024119:exon3:c.C10T:p.R4W	.	.
chr17	42119661	T	A	.	nonsynonymous_SNV	KAT2A:NM_021078:exon5:c.A757T:p.T253S	.	.
chr17	42687024	G	A	.	nonsynonymous_SNV	CNTNAP1:NM_003632:exon7:c.G1022A:p.R341H	ID\x3dCOSM979579\x3bOCCURENCE\x3d1(endometrium)	.
chr17	44211080	T	G	.	nonsynonymous_SNV	UBTF:NM_001076683:exon11:c.A1051C:p.T351P,UBTF:NM_001076684:exon11:c.A1051C:p.T351P,UBTF:NM_014233:exon12:c.A1162C:p.T388P	.	.
chr17	44851724	T	G	.	nonsynonymous_SNV	EFTUD2:NM_001142605:exon26:c.A2704C:p.T902P,EFTUD2:NM_001258353:exon27:c.A2809C:p.T937P,EFTUD2:NM_001258354:exon27:c.A2779C:p.T927P,EFTUD2:NM_004247:exon27:c.A2809C:p.T937P	.	.
chr17	47156977	T	G	.	nonsynonymous_SNV	CDC27:NM_001293091:exon6:c.A595C:p.N199H,CDC27:NM_001114091:exon7:c.A778C:p.N260H,CDC27:NM_001256:exon7:c.A778C:p.N260H,CDC27:NM_001293089:exon7:c.A778C:p.N260H	.	.
chr17	47156994	A	C	.	stopgain	CDC27:NM_001293091:exon6:c.T578G:p.L193X,CDC27:NM_001114091:exon7:c.T761G:p.L254X,CDC27:NM_001256:exon7:c.T761G:p.L254X,CDC27:NM_001293089:exon7:c.T761G:p.L254X	.	.
chr17	47157037	T	G	.	nonsynonymous_SNV	CDC27:NM_001293091:exon6:c.A535C:p.I179L,CDC27:NM_001114091:exon7:c.A718C:p.I240L,CDC27:NM_001256:exon7:c.A718C:p.I240L,CDC27:NM_001293089:exon7:c.A718C:p.I240L	.	.
chr17	47157111	A	C	.	nonsynonymous_SNV	CDC27:NM_001293091:exon6:c.T461G:p.L154W,CDC27:NM_001114091:exon7:c.T644G:p.L215W,CDC27:NM_001256:exon7:c.T644G:p.L215W,CDC27:NM_001293089:exon7:c.T644G:p.L215W	.	.
chr17	47284596	C	T	.	nonsynonymous_SNV	ITGB3:NM_000212:exon4:c.C515T:p.T172I	.	.
chr17	47831490	T	C	.	nonsynonymous_SNV	MRPL10:NM_145255:exon1:c.A22G:p.M8V	.	.
chr17	47925391	G	A	.	nonsynonymous_SNV	SP2:NM_003110:exon6:c.G1591A:p.D531N	.	.
chr17	56960822	C	G	.	nonsynonymous_SNV	COIL:NM_004645:exon1:c.G198C:p.L66F	.	.
chr17	56960835	T	C	.	nonsynonymous_SNV	COIL:NM_004645:exon1:c.A185G:p.E62G	.	.
chr17	61412466	T	C	.	nonsynonymous_SNV	C17orf82:NM_203425:exon1:c.T491C:p.L164P	.	.
chr17	62671751	A	G	.	nonsynonymous_SNV	MRC2:NM_006039:exon7:c.A1220G:p.K407R	.	.
chr17	63435236	A	C	.	nonsynonymous_SNV	CYB561:NM_001017916:exon5:c.T413G:p.V138G,CYB561:NM_001017917:exon5:c.T413G:p.V138G,CYB561:NM_001330421:exon5:c.T434G:p.V145G,CYB561:NM_001915:exon5:c.T413G:p.V138G	.	.
chr17	63484506	A	C	.	nonsynonymous_SNV	ACE:NM_000789:exon12:c.A1886C:p.H629P	.	.
chr17	68600359	A	G	.	nonsynonymous_SNV	FAM20A:NM_017565:exon1:c.T308C:p.V103A	.	.
chr17	74866471	T	C	.	nonsynonymous_SNV	FDXR:NM_001258016:exon3:c.A212G:p.Q71R,FDXR:NM_001258012:exon4:c.A497G:p.Q166R,FDXR:NM_001258014:exon4:c.A344G:p.Q115R,FDXR:NM_004110:exon4:c.A368G:p.Q123R,FDXR:NM_024417:exon4:c.A368G:p.Q123R,FDXR:NM_001258013:exon5:c.A461G:p.Q154R	.	.
chr17	76278097	A	T	.	nonsynonymous_SNV	QRICH2:NM_032134:exon15:c.T4511A:p.M1504K	.	.
chr17	76292187	A	T	.	nonsynonymous_SNV	QRICH2:NM_032134:exon4:c.T2042A:p.V681D	.	.
chr17	76292329	C	T	.	nonsynonymous_SNV	QRICH2:NM_032134:exon4:c.G1900A:p.G634S	.	.
chr17	80217142	T	G	.	nonsynonymous_SNV	SGSH:NM_000199:exon2:c.A139C:p.T47P	.	.
chr17	81116286	G	A	.	nonsynonymous_SNV	BAIAP2:NM_017451:exon15:c.G1640A:p.R547H	.	.
chr17	81197048	A	C	.	nonsynonymous_SNV	CEP131:NM_001009811:exon14:c.T1655G:p.V552G,CEP131:NM_001319228:exon14:c.T1664G:p.V555G,CEP131:NM_001319229:exon14:c.T1664G:p.V555G,CEP131:NM_014984:exon14:c.T1655G:p.V552G	.	.
chr17	81280678	A	C	.	nonsynonymous_SNV	SLC38A10:NM_001037984:exon6:c.T557G:p.V186G,SLC38A10:NM_138570:exon6:c.T557G:p.V186G	.	.
chr17	81461595	T	C	.	nonsynonymous_SNV	BAHCC1:NM_001291324:exon26:c.T7025C:p.L2342P	.	.
chr17	81461597	G	C	.	nonsynonymous_SNV	BAHCC1:NM_001291324:exon26:c.G7027C:p.A2343P	.	.
chr17	81891571	A	G	.	nonsynonymous_SNV	ALYREF:NM_005782:exon1:c.T10C:p.S4P	.	.
